1;0.00000;Pepo93YT;psn;31.977048611111112
2;0.00000;DCTheFox;psn;31.76597222222222
3;0.00000;grantmcculloch16;psn;32.73372685185185
4;0.00000;Matsuruke;psn;31.76533564814815
5;0.00000;Chips-288;psn;31.76949074074074
6;0.00000;Noobaii;psn;31.772662037037037
7;0.00000;Mr_Chocolate98;psn;31.766643518518517
8;0.00000;xTheKazuyaa;psn;31.947002314814814
9;0.00000;RvP732;psn;31.768900462962964
10;0.00000;Blinkz-SSJ2;psn;32.54604166666667
11;0.00000;G-793525;psn;31.99195601851852
12;0.00000;O452_X;psn;0.7096990740740741
13;0.00000;Chicken-Frozen;psn;31.935023148148147
14;0.00000;oznerufy94;psn;31.950590277777778
15;0.00000;HighFlyy_xo;psn;31.768506944444443
16;0.00000;THE_SADNESS_MDR;psn;31.768622685185186
17;0.00000;Floiid;psn;31.792233796296298
18;0.00000;BenjyRazor97;psn;34.587858796296295
19;0.00000;xFinal-Freakx;psn;31.779756944444443
20;0.00000;t56yujk;psn;32.114560185185184
21;0.00000;ScorpionJester;psn;31.766863425925926
22;0.00000;Mhsen-95-Q8;psn;31.76622685185185
23;0.00000;Zuluna;psn;31.920810185185186
24;0.00000;MrSkiLLedX;psn;32.063923611111115
25;0.00000;Walker0094;psn;31.77045138888889
26;0.00000;Deadly_TheLegend;psn;35.52599537037037
27;0.00000;Hyperz16;psn;31.767592592592592
28;0.00000;SteSkiller;psn;33.70386574074074
29;0.00000;jalandfoster512;psn;31.767488425925926
30;0.00000;savage_center_;psn;31.896967592592592
31;0.00000;DarkSly3000;psn;31.77050925925926
32;0.00000;painman91;psn;32.24736111111111
33;0.00000;Lupider;psn;32.086666666666666
34;0.00000;jovi998;psn;31.78099537037037
35;0.00000;keybladefan587;psn;31.776550925925925
36;0.00000;EMAX_2010;psn;32.1665625
37;0.00000;Velos_Toes;psn;30.701099537037038
38;0.00000;Sora22_Esp;psn;31.766944444444444
39;0.00000;Nickosilva;psn;32.532662037037035
40;0.00000;YoshiForGeek;psn;31.76703703703704
41;0.00000;X-Enervator-96;psn;31.770046296296297
42;0.00000;TJMangaFans;psn;32.43333333333333
43;0.00000;InterMaiIand;psn;32.63986111111111
44;0.00000;Darktanyan1;psn;32.24517361111111
45;0.00000;Lovely-Passion;psn;31.908993055555555
46;0.00000;Black_Gast;psn;37.309837962962966
47;0.00000;Donnovania;psn;32.27324074074074
48;0.00000;chapykayser95;psn;34.03744212962963
49;0.00000;Atlasrevenant;psn;31.777025462962964
50;0.00000;JVittor96;psn;31.76673611111111
51;0.00000;ripperdemon95;psn;32.06923611111111
52;0.00000;Erick_1000_;psn;31.768506944444443
53;0.00000;PsychoKen;psn;31.934421296296296
54;0.00000;DARK-ANDREAS;psn;33.97212962962963
55;0.00000;gaston_fleita44;psn;31.79665509259259
56;0.00000;cypher-psycho;psn;34.65082175925926
57;0.00000;VIP-_-Tornado;psn;32.172037037037036
58;0.00000;EthanWeaber;psn;32.18486111111111
59;0.00000;qBanshee;psn;31.925613425925928
60;0.00000;K_E_R_M_I_T_9;psn;32.2805787037037
61;0.00000;badassnum123;psn;31.76599537037037
62;0.00000;CRASH_TNT3;psn;32.493912037037035
63;0.00000;WeeJammoo;psn;32.26552083333333
64;0.00000;iAMMELoDrAMaTiK;psn;32.17483796296296
65;0.00000;Phoenix-SoulEXE;psn;31.768587962962965
66;0.00000;Emalive;psn;31.765497685185185
67;0.00000;Finsternis2010;psn;31.959351851851853
68;0.00000;DWhiplashR;psn;31.767835648148147
69;0.00000;der_dude328;psn;31.967222222222222
70;0.00000;Omar_MMI;psn;32.70702546296296
71;0.00000;Despiche-Total;psn;31.768229166666668
72;0.00000;Mhdude01;psn;32.45361111111111
73;0.00000;ispaniko;psn;32.68200231481482
74;0.00000;Cheqzone;psn;32.016481481481485
75;0.00000;Fen-RR;psn;31.765949074074076
76;0.00000;SnowDude25;psn;32.558252314814816
77;0.00000;Neozius;psn;32.70780092592592
78;0.00000;qO_Hero_Oq;psn;31.841689814814814
79;0.00000;Reaper115XeliteZ;psn;31.76832175925926
80;0.00000;Gonar_111_1;psn;32.137453703703706
81;0.00000;luisss_18j;psn;31.838877314814816
82;0.00000;Yiyii29;psn;32.40537037037037
83;0.00000;xCandiosum;psn;32.047280092592594
84;0.00000;KodaYG;psn;31.774131944444445
85;0.00000;TheZephyr---;psn;31.878993055555554
86;0.00000;XandreaX_97;psn;31.960381944444446
87;0.00000;GRAVEXLANG;psn;42.459895833333334
88;0.00000;samansafiri;psn;32.27059027777778
89;0.00000;Jose98cp;psn;31.76616898148148
90;0.00000;MORRRRIR;psn;32.79635416666667
91;0.00000;Alcatraz_01_;psn;32.162824074074074
92;0.00000;TYRANTLORD25;psn;31.772199074074074
93;0.00000;jonasfc07;psn;31.76763888888889
94;0.00000;Jax2144;psn;31.846319444444443
95;0.00000;TekNo_GizMo;psn;31.76537037037037
96;0.00000;Karagrimbor;psn;31.82486111111111
97;0.00000;Shanks200116;psn;32.62789351851852
98;0.00000;Rock_Y_Cumbia;psn;32.26342592592592
99;0.00000;LogicalMacrochip;psn;31.813506944444445
100;0.00000;BaikouKimodo;psn;31.774375
101;0.00000;I_Am_Jarlster;psn;32.20962962962963
102;0.00000;longestbiscuit;psn;31.86309027777778
103;0.00000;hemobean;psn;31.76537037037037
104;0.00000;YouTube_BozZii;psn;31.81540509259259
105;0.00000;UltimateLastHope;psn;32.01532407407407
106;0.00000;DoubleRX24;psn;33.67087962962963
107;0.00000;GreyWolfesDinner;psn;31.785520833333333
108;0.00000;KageTemplar;psn;31.99216435185185
109;0.00000;L_reiya;psn;33.05261574074074
110;0.00000;Rodriguez987575;psn;32.2605787037037
111;0.00000;IISloOomX-;psn;31.899780092592593
112;0.00000;col511;psn;31.80954861111111
113;0.00000;Rijiku-;psn;34.683194444444446
114;0.00000;TTFlyer;psn;31.954409722222223
115;0.00000;kingsthethic;psn;31.783784722222222
116;0.00000;Endless_paladin;psn;31.921770833333333
117;0.00000;kirasaby1-1;psn;31.89611111111111
118;0.00000;Starcrunsher_;psn;31.974166666666665
119;0.00000;AlphaLebon96;psn;31.82667824074074
120;0.00000;NazoArts;psn;31.863865740740742
121;0.00000;ZzzshhzzZ;psn;31.766886574074075
122;0.00000;RDBrito;psn;31.769016203703703
123;0.00000;Kamkina;psn;31.836435185185184
124;0.00000;Naughty-dog9000;psn;24.609050925925924
125;0.00000;Freezy_Me;psn;31.953842592592594
126;0.00000;Maatthieu_10;psn;34.10907407407407
127;0.00000;Niz1230;psn;44.95918981481481
128;0.00000;Fef-97;psn;33.69865740740741
129;0.00000;AvSummaThat;psn;31.95988425925926
130;0.00000;Wizzabro921;psn;36.352986111111115
131;0.00000;Majin_gam;psn;31.83621527777778
132;0.00000;Mimbed;psn;31.840358796296297
133;0.00000;lurkeri;psn;31.942870370370372
134;0.00000;Primal_Dragon_8;psn;32.212233796296296
135;0.00000;x-KRiMiNALS-x;psn;32.12329861111111
136;0.00000;javich14;psn;31.93320601851852
137;0.00000;FxD_Pliskin;psn;40.92601851851852
138;0.00000;Reberto52;psn;31.924699074074073
139;0.00000;Sabertooth91;psn;31.768541666666668
140;0.00000;Phantum_Boi;psn;32.22284722222222
141;0.00000;animefreak977;psn;31.96261574074074
142;0.00000;JetTheIntellect;psn;31.807731481481483
143;0.00000;Hot_Crocodile;psn;31.79300925925926
144;0.00000;Abdul_NvM115;psn;32.134618055555556
145;0.00000;TheBonfireSXM;psn;6.511828703703704
146;0.00000;CTRGAMER19-X;psn;31.817268518518517
147;0.00000;Erkel_420;psn;16.088229166666668
148;0.00000;LeopoldTheBrave;psn;32.69833333333333
149;0.00000;EvilWuber;psn;31.916944444444443
150;0.00000;Johan_Hero;psn;31.765925925925927
151;0.00000;voltaire02;psn;32.26983796296296
152;0.00000;ChrisGameur_27;psn;32.11533564814815
153;0.00000;NATHANTIGER99;psn;31.78212962962963
154;0.00000;LunaticEevee;psn;31.80951388888889
155;0.00000;ederbless;psn;31.766875
156;0.00000;tahein09;psn;32.29503472222222
157;0.00000;Alesituxi;psn;32.09953703703704
158;0.00000;lBoDy8;psn;32.14482638888889
159;0.00000;ShineBow1;psn;31.81861111111111
160;0.00000;AMZ10R19;psn;33.119282407407404
161;0.00000;DrPilleri;psn;31.94994212962963
162;0.00000;NemesisZero001;psn;31.813275462962963
163;0.00000;CryptikHD;psn;32.1641087962963
164;0.00000;OxydralForce;psn;32.09758101851852
165;0.00000;P1ayStat10nPichu;psn;32.00857638888889
166;0.00000;JamieBCUK;psn;32.687789351851855
167;0.00000;Dark_dragon2889;psn;31.78042824074074
168;0.00000;LucinaTanaka;psn;32.09299768518518
169;0.00000;InsertNameHerman;psn;32.17148148148148
170;0.00000;John_Wick_023;psn;32.67292824074074
171;0.00000;zHasHiRaMa--x;psn;31.765729166666667
172;0.00000;JmanJBD;psn;32.06457175925926
173;0.00000;Ejazz_99;psn;32.503229166666664
174;0.00000;AnimeHero89;psn;31.869409722222223
175;0.00000;i_IHMI_i;psn;32.256516203703704
176;0.00000;JackurG;psn;31.912569444444443
177;0.00000;CazadorDeFurros;psn;15.525729166666666
178;0.00000;Vermin_Destroyer;psn;31.846689814814816
179;0.00000;WhiteWeapon5797;psn;35.84271990740741
180;0.00000;abdallahabd18;psn;31.829444444444444
181;0.00000;BeefBaby95;psn;32.48613425925926
182;0.00000;nifinlandReMIX;psn;32.062280092592594
183;0.00000;TheMakkoo;psn;32.0549537037037
184;0.00000;ATOMIX_888;psn;31.766400462962963
185;0.00000;syakuneko-1010;psn;32.02552083333333
186;0.00000;soicey1017_burrr;psn;31.76707175925926
187;0.00000;OraBanStr;psn;32.177592592592596
188;0.00000;MoonRei09;psn;32.49615740740741
189;0.00000;Sunsforskyes;psn;31.925231481481482
190;0.00000;N8han11;psn;34.16482638888889
191;0.00000;Shawnyboi_;psn;31.87990740740741
192;0.00000;Kenjie_PH;psn;32.030972222222225
193;0.00000;SuperZK2810;psn;32.275173611111114
194;0.00000;elhardylokendero;psn;33.712974537037034
195;0.00000;Bowlx;psn;32.206747685185185
196;0.00000;Fizzydipsy1;psn;32.078148148148145
197;0.00000;ioR3B-0;psn;32.016840277777774
198;0.00000;IiVeRSuSiI;psn;31.944872685185185
199;0.00000;Dollren;psn;31.930474537037036
200;0.00000;y_meistered;psn;31.765613425925928
201;0.00000;mati1212;psn;31.768333333333334
202;0.00000;Syirine;psn;33.739375
203;0.00000;akagami_chan_69;psn;31.776875
204;0.00000;BloodstainedValk;psn;31.769768518518518
205;0.00000;Zabflonne;psn;31.87304398148148
206;0.00000;cardiesX;psn;32.78578703703704
207;0.00000;La_Volpe_1;psn;32.34054398148148
208;0.00000;DTejeida88;psn;32.512118055555554
209;0.00000;DarkCrash26;psn;31.766550925925927
210;0.00000;billycurr;psn;31.767777777777777
211;0.00000;PKZ_X094;psn;31.784953703703703
212;0.00000;MedicRobot;psn;31.768402777777776
213;0.00000;katakuridz20;psn;32.35826388888889
214;0.00000;Bastianpx;psn;31.90914351851852
215;0.00000;Stillmatixx;psn;32.072048611111114
216;0.00000;xBeast_Ricanx;psn;31.76775462962963
217;0.00000;Miniwaifu;psn;31.767511574074074
218;0.00000;Sawnik607;psn;32.600011574074074
219;0.00000;LieutenantBUNS;psn;31.838958333333334
220;0.00000;Cloudmx3;psn;34.90275462962963
221;0.00000;Twirox91;psn;31.804201388888888
222;0.00000;skylander_bean;psn;32.71333333333333
223;0.00000;Famous_Seamas;psn;33.0690625
224;0.00000;TheBrohirrim;psn;20.556979166666668
225;0.00000;HYpersOinc;psn;32.28836805555556
226;0.00000;Megadethfanever;psn;31.76761574074074
227;0.00000;tray151;psn;31.8921875
228;0.00000;Kibbs95;psn;31.910763888888887
229;0.00000;llxWOOlfxll;psn;32.25042824074074
230;0.00000;BlackJuan93;psn;31.979664351851852
231;0.00000;genkowanders;psn;31.86480324074074
232;0.00000;V--DaRkKnIgHt--G;psn;31.959675925925925
233;0.00000;Nithyr;psn;31.853587962962962
234;0.00000;CannyKillerXDD;psn;32.35960648148148
235;0.00000;evandrocarlos20;psn;31.777048611111113
236;0.00000;LUKEY1993;psn;31.814849537037038
237;0.00000;Seywel96;psn;31.905497685185185
238;0.00000;SK_Kazuya-;psn;24.09170138888889
239;0.00000;SanToruZoro;psn;31.950208333333332
240;0.00000;FranciRoosters;psn;31.82869212962963
241;0.00000;SkinnyOutlaw_;psn;32.238113425925924
242;0.00000;Kurakurai;psn;36.005509259259256
243;0.00000;Wajsia;psn;31.84689814814815
244;0.00000;Golden-Dodomeki;psn;32.49313657407407
245;0.00000;Kyon_Smith1;psn;32.434247685185184
246;0.00000;Eeuridice;psn;31.933425925925928
247;0.00000;BooBoomz;psn;32.4605787037037
248;0.00000;Firiontae;psn;32.67667824074074
249;0.00000;Empalador8500;psn;31.76965277777778
250;0.00000;erKing_93;psn;31.76650462962963
251;0.00000;LOVEmahadi;psn;32.609594907407406
252;0.00000;maori_aesthetics;psn;32.644305555555555
253;0.00000;JSEP92;psn;32.679340277777776
254;0.00000;luibru55;psn;31.97164351851852
255;0.00000;JubeiSamaDaisuki;psn;32.31106481481481
256;0.00000;Domus_420;psn;31.77252314814815
257;0.00000;PubertyHero;psn;31.881875
258;0.00000;Aarko33;psn;32.63418981481482
259;0.00000;Delphionic;psn;32.53734953703704
260;0.00000;Xerno_Z;psn;32.25805555555556
261;0.00000;UnderCreeper95;psn;31.89181712962963
262;0.00000;SpaghetiOverlord;psn;31.959895833333334
263;0.00000;MrPottyJay;psn;32.10384259259259
264;0.00000;JoeBrunny;psn;32.618402777777774
265;0.00000;Lilly546;psn;31.90716435185185
266;0.00000;Joseph-Wagstaff;psn;31.942881944444444
267;0.00000;vijverke;psn;31.955868055555555
268;0.00000;SKN_de;psn;31.244270833333335
269;0.00000;o_-NINTENBOY-_o;psn;31.822511574074074
270;0.00000;carrerlafoia_1;psn;31.94153935185185
271;0.00000;Johnny-Cage475;psn;31.828368055555554
272;0.00000;Papajoe1106;psn;31.86650462962963
273;0.00000;Ghxst35;psn;31.809930555555557
274;0.00000;Nero_sparda228;psn;33.178518518518516
275;0.00000;PznkPaez;psn;31.844016203703703
276;0.00000;Namaii;psn;31.82849537037037
277;0.00000;Alancete17;psn;31.842233796296295
278;0.00000;Wheatybic;psn;40.877430555555556
279;0.00000;DevilMiyamoto;psn;31.832013888888888
280;0.00000;DarksideVisitor;psn;32.78623842592592
281;0.00000;Akatskii_Konan;psn;38.941805555555554
282;0.00000;DoctorKana;psn;31.860405092592593
283;0.00000;Nivalis-r;psn;31.842094907407407
284;0.00000;DeathToll141;psn;32.182175925925925
285;0.00000;ROOPENTEERUS;psn;32.3146875
286;0.00000;RenateSkill;psn;31.769548611111112
287;0.00000;XxKG_gam3rxX;psn;31.84627314814815
288;0.00000;Naxxlow;psn;31.917349537037037
289;0.00000;Twitch_Aonynth;psn;31.852233796296296
290;0.00000;lIlChronoslIl;psn;32.40378472222222
291;0.00000;JECH-12;psn;31.824467592592594
292;0.00000;XAaron-SX;psn;32.42177083333333
293;0.00000;R_DRAGON_R;psn;31.972326388888888
294;0.00000;Lena-Lovee;psn;32.91739583333333
295;0.00000;pepelepew337;psn;32.027743055555554
296;0.00000;gino_rize-1a;psn;33.66133101851852
297;0.00000;bikerman0000;psn;31.774224537037036
298;0.00000;joobaloobascrewb;psn;32.21917824074074
299;0.00000;xDieGoVAx;psn;32.0553587962963
300;0.00000;NekoGlacia-0-;psn;11.831296296296296
301;0.00000;gatito_kawaii5;psn;32.33197916666666
302;0.00000;GothamDrake;psn;32.5305787037037
303;0.00000;Maxi34412001;psn;31.953125
304;0.00000;raulo123;psn;31.766400462962963
305;0.00000;Burner17;psn;32.04825231481482
306;0.00000;AlexisDmz-;psn;31.767881944444444
307;0.00000;NJB2310;psn;31.921238425925925
308;0.00000;Shocker_Gaming;psn;32.002372685185186
309;0.00000;SamTobin123;psn;31.769247685185185
310;0.00000;PearsNivans;psn;31.88722222222222
311;0.00000;Headbangjamin;psn;31.766458333333333
312;0.00000;Fabiiiiixx;psn;32.040844907407404
313;0.00000;TofuShop1995;psn;31.821689814814814
314;0.00000;Shinteezy;psn;31.860891203703705
315;0.00000;Sakyo164;psn;32.65287037037037
316;0.00000;VyZiXeN;psn;32.0321875
317;0.00000;Johandavidpr;psn;31.765451388888888
318;0.00000;SenpaiZenku;psn;31.767974537037038
319;0.00000;KingGoku;psn;32.64453703703704
320;0.00000;Ayyybee;psn;33.18193287037037
321;0.00000;AG_Pioneer;psn;39.05394675925926
322;0.00000;Jakku69802;psn;38.19712962962963
323;0.00000;DX634;psn;32.60740740740741
324;0.00000;xRedKing2000x;psn;34.82791666666667
325;0.00000;xA7mD33;psn;31.810011574074075
326;0.00000;marty_eraser;psn;32.60047453703704
327;0.00000;helixyr-CG;psn;31.934363425925927
328;0.00000;Angry_Keldeo;psn;31.796956018518518
329;0.00000;heartskey;psn;31.92152777777778
330;0.00000;VANN11_;psn;32.09331018518518
331;0.00000;Cali-Hero_23;psn;32.671018518518515
332;0.00000;Ratchet539;psn;31.95988425925926
333;0.00000;DANTE9012-102;psn;31.772199074074074
334;0.00000;SAG_XI;psn;10.501504629629629
335;0.00000;Abu_Da7mx8;psn;31.953518518518518
336;0.00000;Skyline_542;psn;31.76795138888889
337;0.00000;YoshiBlaster_;psn;31.76991898148148
338;0.00000;LinYoshiBelle;psn;31.797916666666666
339;0.00000;Fhoons;psn;31.78005787037037
340;0.00000;Checozlovaco;psn;38.66082175925926
341;0.00000;noah-1333;psn;32.137256944444445
342;0.00000;IsraSIZB;psn;37.89126157407407
343;0.00000;AndrEx882;psn;31.796238425925925
344;0.00000;mariojeegrobot;psn;32.42135416666667
345;0.00000;Twitch-JzGx;psn;31.912395833333335
346;0.00000;Cyperkuse827;psn;31.795555555555556
347;0.00000;GunnerZetto;psn;31.78837962962963
348;0.00000;jiorch27;psn;33.53650462962963
349;0.00000;DlRE_STRAlTS;psn;31.789074074074072
350;0.00000;ibraronaldo;psn;32.29840277777778
351;0.00000;Tilahh;psn;33.22554398148148
352;0.00000;Pinstripe97;psn;31.96909722222222
353;0.00000;Beelzebat;psn;32.614328703703706
354;0.00000;xxdiablax10;psn;32.731712962962966
355;0.00000;demonicbeast000;psn;32.520949074074075
356;0.00000;Knaught64;psn;32.449386574074076
357;0.00000;bopherrgott;psn;31.824363425925927
358;0.00000;LR_Wisp;psn;31.923877314814813
359;0.00000;pelzerrrr;psn;31.76789351851852
360;0.00000;TORGOoOo;psn;31.831261574074073
361;0.00000;Green_Geek0;psn;31.766076388888887
362;0.00000;Penguin_Yay_1;psn;31.774837962962962
363;0.00000;SSManakete;psn;31.78912037037037
364;0.00000;DanielBigBoots;psn;31.901724537037037
365;0.00000;Paxyman;psn;31.789386574074076
366;0.00000;Deltrax;psn;32.03380787037037
367;0.00000;T-Firefly-T;psn;31.76568287037037
368;0.00000;gcqyutbz;psn;32.17962962962963
369;0.00000;Black_Phantom456;psn;32.937777777777775
370;0.00000;CommanderSipa;psn;32.69398148148148
371;0.00000;yMjed;psn;32.0571875
372;0.00000;TheLastNannel;psn;33.208020833333336
373;0.00000;max10088;psn;31.855173611111113
374;0.00000;GabrielDomingos3;psn;31.84324074074074
375;0.00000;Vaerynn-;psn;32.24634259259259
376;0.00000;RDGxtito01;psn;31.767407407407408
377;0.00000;X_Daggoth_X;psn;31.779895833333335
378;0.00000;addson;psn;32.15934027777778
379;0.00000;Alejandro_11_11;psn;31.819421296296298
380;0.00000;Marabeli;psn;31.80525462962963
381;0.00000;MarcusMcBandi13;psn;31.945127314814815
382;0.00000;NA1F-sa;psn;31.767233796296296
383;0.00000;RJv995;psn;32.222118055555555
384;0.00000;GOQPY;psn;32.490625
385;0.00000;fantisism;psn;32.67478009259259
386;0.00000;ElSoldierDiego;psn;31.786458333333332
387;0.00000;eugenegans573;psn;31.770844907407408
388;0.00000;Maerkedahl;psn;31.819131944444443
389;0.00000;Miilney;psn;45.273842592592594
390;0.00000;BushyJetFuel;psn;31.897175925925925
391;0.00000;panchitocr7;psn;31.768020833333335
392;0.00000;Aether-Ryan123;psn;31.80578703703704
393;0.00000;jigarossi;psn;32.12951388888889
394;0.00000;SribX;psn;32.09789351851852
395;0.00000;fordgt-7;psn;32.2680787037037
396;0.00000;DIAMOND-JI;psn;31.798530092592593
397;0.00000;ImparuZ;psn;31.861435185185186
398;0.00000;Duskstones;psn;35.91866898148148
399;0.00000;zZxBlackHawkxZz;psn;31.767488425925926
400;0.00000;MrPuderzucker;psn;32.06519675925926
401;0.00000;LORD METAL;switch;31.770381944444445
402;0.00000;Dab;switch;31.792118055555555
403;0.00000;Mii☆Mario★;switch;8.487476851851852
404;0.00000;Bun;switch;31.95545138888889
405;0.00000;Omega;switch;31.77420138888889
406;0.00000;PLZADDYAYA;switch;2.688888888888889
407;0.00000;sodeachi;switch;5.195787037037037
408;0.00000;A Diego;switch;3.709675925925926
409;0.00000;Poole_Side;switch;31.77525462962963
410;0.00000;Jade Ø;switch;1.9388310185185185
411;0.00000;Icy(9)Baka;switch;32.174560185185186
412;0.00000;Donkeykong;switch;31.767152777777778
413;0.00000;Miguel;switch;31.854317129629628
414;0.00000;Big Wumpa;switch;10.938865740740741
415;0.00000;Spaciest;switch;31.76818287037037
416;0.00000;jigsaw3001;switch;31.90457175925926
417;0.00000;☆TOKES123★;switch;31.769050925925924
418;0.00000;Cub;switch;33.82462962962963
419;0.00000;ShooShooUY;switch;31.766018518518518
420;0.00000;Alexis;switch;31.765694444444446
421;0.00000;Natsuki;switch;31.923460648148147
422;0.00000;Brownillac;switch;31.78162037037037
423;0.00000;ASW Latsu7;switch;4.223599537037037
424;0.00000;Xeno;switch;32.99255787037037
425;0.00000;Tommii;switch;31.770497685185184
426;0.00000;AmiLizOTP!;switch;11.077754629629629
427;0.00000;Dixpool;switch;31.778587962962963
428;0.00000;Compa Tibu;switch;31.852488425925927
429;0.00000;Jet;switch;31.769189814814816
430;0.00000;danikangu;switch;8.268738425925926
431;0.00000;JXDemon;switch;32.149224537037036
432;0.00000;B Hands;switch;11.734027777777778
433;0.00000;Mello$$$;switch;32.6271875
434;0.00000;spritenq;switch;32.49912037037037
435;0.00000;つとむ;switch;32.234849537037036
436;0.00000;ENGINESpls;switch;3.004837962962963
437;0.00000;Team Magic;switch;32.648090277777776
438;0.00000;Dævšų Nüki;switch;13.313831018518519
439;0.00000;Andrew;switch;31.80591435185185
440;0.00000;Zulkrax;switch;31.848599537037035
441;0.00000;Naly;switch;31.769259259259258
442;0.00000;Geleagle;switch;31.863252314814815
443;0.00000;WippyM;switch;31.80767361111111
444;0.00000;Ron;switch;31.880636574074074
445;0.00000;Leendert;switch;31.788252314814816
446;0.00000;Jaituia;switch;31.956979166666667
447;0.00000;B.GreenLee;switch;11.872928240740741
448;0.00000;Young kin;switch;31.768726851851852
449;0.00000;Psykotik;switch;31.77021990740741
450;0.00000;beenox pls;switch;7.685381944444444
451;0.00000;Dre313;switch;31.852233796296296
452;0.00000;Redzippie;switch;32.23107638888889
453;0.00000;GioGio;switch;28.171493055555555
454;0.00000;Najmeister;switch;31.80875
455;0.00000;Xernafin;switch;31.89866898148148
456;0.00000;kiYubEE;switch;32.59458333333333
457;0.00000;N.Gin;switch;2.9770833333333333
458;0.00000;TreyfulTTV;switch;2.081261574074074
459;0.00000;Brams;switch;31.765474537037036
460;0.00000;X Fenrir;switch;1.6194212962962964
461;0.00000;Moon;switch;31.765520833333333
462;0.00000;[SK] Luis;switch;31.77480324074074
463;0.00000;DimasSSS;switch;32.020833333333336
464;0.00000;Reunicudls;switch;3.8242939814814814
465;0.00000;Jimmy;switch;33.13893518518518
466;0.00000;Jumpy;switch;33.69971064814815
467;0.00000;iRageQuit;switch;17.73403935185185
468;0.00000;Megaboo;switch;31.84138888888889
469;0.00000;A araña=;switch;8.754826388888889
470;0.00000;Korax;switch;32.336979166666666
471;0.00000;Gray;switch;31.768032407407407
472;0.00000;S.Ninja™;switch;9.879861111111111
473;0.00000;DR. GARCIA;switch;24.88332175925926
474;0.00000;AstroMichi;switch;31.96412037037037
475;0.00000;Aldito;switch;32.633217592592594
476;0.00000;Polimario;switch;32.6093287037037
477;0.00000;Marhda;switch;31.898194444444446
478;0.00000;B Roop;switch;5.720138888888889
479;0.00000;SacredDave;switch;2.2548032407407406
480;0.00000;AlMo;switch;27.853761574074074
481;0.00000;Bladerz;switch;31.767094907407408
482;0.00000;GigaLem;switch;32.65784722222222
483;0.00000;Seamus;switch;31.806689814814813
484;0.00000;:^|;switch;0.22015046296296295
485;0.00000;Endmon;switch;31.831828703703703
486;0.00000;Andrew;switch;31.788402777777776
487;0.00000;Jens;switch;31.843136574074073
488;0.00000;???Skrubrg;switch;32.35302083333333
489;0.00000;Linkjarra;switch;31.859201388888888
490;0.00000;Nen Drips;switch;34.87217592592592
491;0.00000;PandaPyre;switch;32.585601851851855
492;0.00000;Shαdοωχ;switch;31.769560185185185
493;0.00000;A Fozzy;switch;11.595138888888888
494;0.00000;Turretcube;switch;32.23525462962963
495;0.00000;BDuskNou15;switch;4.751377314814815
496;0.00000;CDDZeo;switch;31.86133101851852
497;0.00000;Zares;switch;32.43894675925926
498;0.00000;THEBiTT;switch;1.7375
499;0.00000;Mark;switch;33.65636574074074
500;0.00000;Sykovill;switch;33.60383101851852
501;0.00000;GingrJesus;switch;31.767685185185186
502;0.00000;Jose ;switch;31.767465277777777
503;0.00000;Cr1ks0;switch;31.78099537037037
504;0.00000;a baboon..;switch;8.213194444444444
505;0.00000;POO OF WAR;switch;32.576145833333335
506;0.00000;Pellemasi;switch;32.902511574074076
507;0.00000;Kaboom;switch;31.861342592592592
508;0.00000;Lordran;switch;32.20877314814815
509;0.00000;Vash;switch;31.80957175925926
510;0.00000;Zero1904;switch;31.90915509259259
511;0.00000;museal;switch;38.03332175925926
512;0.00000;Ale;switch;32.6746412037037
513;0.00000;PenguinYay;switch;31.766006944444445
514;0.00000;Lavitz;switch;32.07417824074074
515;0.00000;douglas;switch;31.785300925925927
516;0.00000;Mundos;switch;1.0048842592592593
517;0.00000;rory;switch;31.87576388888889
518;0.00000;Aletz1992;switch;32.028125
519;0.00000;Floppe;switch;31.794930555555556
520;0.00000;プッソウ;switch;1.1090046296296296
521;0.00000;canno;switch;31.765486111111112
522;0.00000;yosh òwó;switch;31.771493055555556
523;0.00000;Just_Side;switch;31.881574074074074
524;0.00000;Stark;switch;31.794386574074075
525;0.00000;Lukalicus;switch;31.93891203703704
526;0.00000;IvanSack;switch;31.78934027777778
527;0.00000;Star;switch;32.66943287037037
528;0.00000;Janiboy;switch;32.00206018518519
529;0.00000;Hillsøng;switch;33.0850462962963
530;0.00000;HANZINATOR;switch;32.559884259259256
531;0.00000;Cgr6;switch;2.7618287037037037
532;0.00000;Komawolf;switch;31.76672453703704
533;0.00000;A Sai;switch;8.345162037037037
534;0.00000;SpyroGuy96;switch;18.75488425925926
535;0.00000;DarkΩKing;switch;32.11527777777778
536;0.00000;JuiceMoose;switch;31.76540509259259
537;0.00000;Dustin;switch;32.1153125
538;0.00000;Trones;switch;31.898055555555555
539;0.00000;Erdux;switch;32.72431712962963
540;0.00000;NitroGreed;switch;31.77050925925926
541;0.00000;MistaFox C;switch;6.4631944444444445
542;0.00000;ChillCat;switch;32.049733796296294
543;0.00000;EdwardJW;switch;31.783692129629628
544;0.00000;AnxiousJam;switch;32.54638888888889
545;0.00000;Patrick50;switch;32.00700231481481
546;0.00000;L04D3RTP;switch;32.70109953703704
547;0.00000;stealthXG;switch;32.56746527777778
548;0.00000;Sike;switch;32.194467592592595
549;0.00000;chris;switch;32.18024305555556
550;0.00000;Paulo;switch;31.767627314814813
551;0.00000;Pete;switch;32.00892361111111
552;0.00000;Williams;switch;6.609016203703704
553;0.00000;Tylican;switch;33.1555787037037
554;0.00000;iBrandon;switch;32.02137731481481
555;0.00000;Indigo;switch;31.799849537037037
556;0.00000;Axel;switch;31.76613425925926
557;0.00000;Himte;switch;32.34832175925926
558;0.00000;Rõmñar;switch;9.282638888888888
559;0.00000;Jack;switch;32.004502314814815
560;0.00000;Guaguan;switch;32.01351851851852
561;0.00000;Nico! ニコ！;switch;31.939942129629628
562;0.00000;Jayden;switch;31.769699074074072
563;0.00000;Pent;switch;31.84863425925926
564;0.00000;Kalenne;switch;31.872847222222223
565;0.00000;Phantom_PR;switch;31.768402777777776
566;0.00000;Ashore;switch;35.109467592592594
567;0.00000;MVP★BRONY;switch;33.800694444444446
568;0.00000;Ricardo;switch;1.4007060185185185
569;0.00000;Cheese;switch;32.02085648148148
570;0.00000;Amaad;switch;31.86340277777778
571;0.00000;Gamer2009;switch;27.93545138888889
572;0.00000;teil_ctr;switch;2.1680671296296294
573;0.00000;A SpookyV1;switch;3.1055787037037037
574;0.00000;fighter66;switch;32.468333333333334
575;0.00000;Niko;switch;1.765300925925926
576;0.00000;Torran;switch;32.54650462962963
577;0.00000;Morketh;switch;32.34481481481482
578;0.00000;Mau;switch;31.769444444444446
579;0.00000;Sumph;switch;32.34871527777778
580;0.00000;Big Boss;switch;31.858958333333334
581;0.00000;MrOnizuka;switch;33.71380787037037
582;0.00000;Heimwarts;switch;32.724837962962965
583;0.00000;MadGatMan;switch;32.69475694444444
584;0.00000;psyoul;switch;31.786898148148147
585;0.00000;Rize;switch;32.66943287037037
586;0.00000;Adrian;switch;31.770729166666666
587;0.00000;LON;switch;11.699340277777777
588;0.00000;FBM Ethan;switch;31.919085648148148
589;0.00000;DiDi;switch;31.765497685185185
590;0.00000;Grox;switch;32.38896990740741
591;0.00000;DK★Meggy;switch;23.025694444444444
592;0.00000;Danielife;switch;32.3068287037037
593;0.00000;ZekeDaFox;switch;31.822280092592592
594;0.00000;Weequay;switch;32.70021990740741
595;0.00000;GayForWolf;switch;39.70715277777778
596;0.00000;MatteMilk;switch;32.58901620370371
597;0.00000;grantravo;switch;32.16454861111111
598;0.00000;Maatt;switch;31.96959490740741
599;0.00000;Gamer4Lif3;switch;31.76596064814815
600;0.00000;Sweets;switch;37.19638888888889
601;0.00000;OffTheCuff;switch;32.26365740740741
602;0.00000;Siphak;switch;32.706493055555555
603;0.00000;Austin;switch;31.890729166666667
604;0.00000;Jake;switch;32.261608796296294
605;0.00000;darkmaster;switch;39.10861111111111
606;0.00000;Kaizen;switch;32.011689814814815
607;0.00000;A-korn;switch;32.061018518518516
608;0.00000;Alex;switch;31.866886574074073
609;0.00000;AyyKenzo;switch;11.761863425925926
610;0.00000;Usagi;switch;32.596932870370374
611;0.00000;ossada;switch;31.768981481481482
612;0.00000;Lettuce;switch;31.768159722222222
613;0.00000;Sicres;switch;33.02710648148148
614;0.00000;Armandukiz;switch;32.28076388888889
615;0.00000;Teeka;switch;32.67511574074074
616;0.00000;Kratos62;switch;44.235277777777775
617;0.00000;Matty;switch;31.781909722222224
618;0.00000;Shinzou;switch;32.051319444444445
619;0.00000;ivanbgart;switch;31.766180555555554
620;0.00000;PaintorRoo;switch;31.771944444444443
621;0.00000;Garma;switch;32.33121527777778
622;0.00000;Tommy;switch;31.8021875
623;0.00000;TinyCock;switch;15.813900462962962
624;0.00000;Periwinkle;switch;32.62579861111111
625;0.00000;Zra0x ;switch;31.83355324074074
626;0.00000;Lil-Jay;switch;31.946550925925926
627;0.00000;SaltdSnail;switch;32.7390625
628;0.00000;Kitabake;switch;32.02037037037037
629;0.00000;Madu;switch;33.665358796296296
630;0.00000;Nate;switch;32.01618055555556
631;0.00000;Wambysock;switch;24.747974537037038
632;0.00000;WEC Mio;switch;31.96304398148148
633;0.00000;Kenshi+;switch;31.772696759259258
634;0.00000;we96qf;switch;35.215625
635;0.00000;Peeman;switch;32.12834490740741
636;0.00000;AMushroom7;switch;7.7028125
637;0.00000;Wil;switch;32.528333333333336
638;0.00000;Jarib;switch;34.55337962962963
639;0.00000;Monkeyz;switch;32.221180555555556
640;0.00000;ミヤえもん;switch;3.9319560185185187
641;0.00000;RoemerPhil;switch;32.15736111111111
642;0.00000;BIzzoH;switch;32.10961805555556
643;0.00000;MaxPower;switch;48.59103009259259
644;0.00000;bif;switch;31.77582175925926
645;0.00000;Cornette;switch;32.38193287037037
646;0.00000;Caleb Esc;switch;31.89138888888889
647;0.00000;alex;switch;32.015659722222225
648;0.00000;Devyn;switch;32.76513888888889
649;0.00000;ZanyWitch7;switch;22.501435185185183
650;0.00000;Fakhrul;switch;33.00921296296296
651;0.00000;Nekopoi95z;switch;32.48679398148148
652;0.00000;Issho;switch;32.20579861111111
653;0.00000;Vampymike;switch;31.80863425925926
654;0.00000;dan_ghøul;switch;31.96496527777778
655;0.00000;Lav;switch;31.90167824074074
656;0.00000;Troy;switch;32.17899305555556
657;0.00000;Divolck;switch;32.13902777777778
658;0.00000;Vege_KING;switch;17.355578703703703
659;0.00000;Eemeli;switch;31.921481481481482
660;0.00000;Tedmond;switch;31.96792824074074
661;0.00000;138mic;switch;32.743483796296296
662;0.00000;Bananamilk;switch;31.83681712962963
663;0.00000;Edson;switch;31.76675925925926
664;0.00000;ReeSee;switch;32.166747685185186
665;0.00000;Frankie;switch;32.137685185185184
666;0.00000;Hombre XB;switch;31.971793981481483
667;0.00000;Sceptilian;switch;31.943252314814814
668;0.00000;Dude;switch;32.573125
669;0.00000;BPA Msnf;switch;4.254918981481482
670;0.00000;TrueG;switch;25.164641203703702
671;0.00000;Switch;switch;32.590266203703706
672;0.00000;Frito;switch;28.70980324074074
673;0.00000;buhgingi;switch;5.775752314814815
674;0.00000;Cal;switch;32.17237268518519
675;0.00000;Latch;switch;32.59115740740741
676;0.00000;Kim;switch;31.824421296296297
677;0.00000;Mordy;switch;32.66546296296296
678;0.00000;Agent 38;switch;31.766666666666666
679;0.00000;Eduardo;switch;32.921273148148146
680;0.00000;Andros;switch;31.81596064814815
681;0.00000;UD;switch;31.792418981481482
682;0.00000;Don;switch;31.907569444444444
683;0.00000;Glooba!!;switch;15.52576388888889
684;0.00000;Player;switch;4.1865046296296295
685;0.00000;Tinyhammer;switch;33.62740740740741
686;0.00000;I Lost :(;switch;20.62994212962963
687;0.00000;Zocker;switch;31.98957175925926
688;0.00000;Jamie77330;switch;31.768587962962965
689;0.00000;Mick;switch;31.876886574074074
690;0.00000;Delecto;switch;31.780300925925925
691;0.00000;A Obama;switch;5.053530092592593
692;0.00000;Renato;switch;32.41790509259259
693;0.00000;Namasca;switch;31.98383101851852
694;0.00000;Magic;switch;32.234340277777775
695;0.00000;Spectre;switch;32.658935185185186
696;0.00000;AleBanks;switch;31.91863425925926
697;0.00000;A.V.D.;switch;11.157685185185185
698;0.00000;Min;switch;32.41930555555555
699;0.00000;DerpHerpin;switch;21.591747685185187
700;0.00000;Andy;switch;33.520694444444445
701;0.00000;Max1216;switch;31.980474537037036
702;0.00000;SupaFrosty;switch;32.07503472222222
703;0.00000;Luffy1804;switch;41.61020833333333
704;0.00000;Camilo*Col;switch;31.768194444444443
705;0.00000;Begibe;switch;31.76582175925926
706;0.00000;Saiyan1016;switch;33.60428240740741
707;0.00000;Doub;switch;31.767164351851854
708;0.00000;SuperJAG;switch;31.767685185185186
709;0.00000;Artyzte;switch;33.22396990740741
710;0.00000;ultrarceus;switch;32.147708333333334
711;0.00000;Ran;switch;32.164594907407405
712;0.00000;Greebly;switch;32.37885416666666
713;0.00000;Juro;switch;32.04403935185185
714;0.00000;Lito;switch;32.56037037037037
715;0.00000;Select!;switch;32.64024305555556
716;0.00000;eNeMeE;switch;32.18046296296296
717;0.00000;Zzz#4120;switch;18.918125
718;0.00000;Deox;switch;31.947789351851853
719;0.00000;Pennpeul;switch;32.226851851851855
720;0.00000;boooi03;switch;32.08555555555556
721;0.00000;Kevinlipe;switch;31.819363425925925
722;0.00000;Spoofy;switch;21.76880787037037
723;0.00000;Neko;switch;31.879189814814815
724;0.00000;BOWER!!!!!;switch;31.765798611111112
725;0.00000;PowerSneak;switch;31.881875
726;0.00000;JingPro AU;switch;32.0241087962963
727;0.00000;Jack;switch;32.69577546296296
728;0.00000;Marc;switch;32.24478009259259
729;0.00000;Emma;switch;32.011296296296294
730;0.00000;Nico;switch;32.32131944444444
731;0.00000;Hytheter;switch;32.22405092592592
732;0.00000;boh;switch;33.133726851851854
733;0.00000;Pete;switch;31.785833333333333
734;0.00000;Zackery;switch;32.60462962962963
735;0.00000;Kotra;switch;31.851377314814815
736;0.00000;Emile;switch;1.9112037037037037
737;0.00000;Dope;switch;9.751469907407408
738;0.00000;Lunii;switch;38.35150462962963
739;0.00000;MobyD;switch;32.06863425925926
740;0.00000;Rikardo;switch;32.96954861111111
741;0.00000;Antoine;switch;31.912708333333335
742;0.00000;Steviant;switch;31.88443287037037
743;0.00000;linconloud;switch;32.04883101851852
744;0.00000;Vanities;switch;31.804699074074072
745;0.00000;Mega;switch;31.768217592592592
746;0.00000;PINGAS;switch;32.624907407407406
747;0.00000;Dylan;switch;32.07273148148148
748;0.00000;Jstuffern;switch;32.41152777777778
749;0.00000;MissGloria;switch;31.77050925925926
750;0.00000;Yentl;switch;32.11428240740741
751;0.00000;SBANSHBOAV;switch;31.976967592592594
752;0.00000;joeblow;switch;31.880925925925926
753;0.00000;Ashadow255;switch;31.95855324074074
754;0.00000;Maxtreme39;switch;7.400798611111111
755;0.00000;Footle;switch;31.773865740740742
756;0.00000;MIXKATSU;switch;3.971423611111111
757;0.00000;Dupree♪;switch;32.25884259259259
758;0.00000;MadBadMan;switch;33.190185185185186
759;0.00000;Dolly;switch;2.8486921296296295
760;0.00000;Thanatos;switch;32.69393518518518
761;0.00000;Greg;switch;31.92763888888889
762;0.00000;Subz;switch;32.891215277777775
763;0.00000;Fresh;switch;31.770324074074075
764;0.00000;Kimmyboii;switch;31.97570601851852
765;0.00000;Moschi;switch;32.073622685185185
766;0.00000;Scara;switch;31.864456018518517
767;0.00000;Maurigno;switch;40.14482638888889
768;0.00000;KuroGipson;switch;31.766018518518518
769;0.00000;KingJengo;switch;31.964988425925927
770;0.00000;Autismo;switch;31.767881944444444
771;0.00000;pippin;switch;21.78622685185185
772;0.00000;el tristo;switch;34.58070601851852
773;0.00000;Renan43;switch;32.191122685185185
774;0.00000;MrPanic;switch;32.13152777777778
775;0.00000;Foxxleforf;switch;31.789016203703703
776;0.00000;ζShackle;switch;35.915671296296296
777;0.00000;Joshua;switch;31.836296296296297
778;0.00000;♪Ursa♪;switch;32.03971064814815
779;0.00000;~Josh~;switch;32.011886574074076
780;0.00000;Uka¤Mega;switch;32.65185185185185
781;0.00000;B^Ignetia;switch;10.973726851851852
782;0.00000;Antares;switch;31.76590277777778
783;0.00000;Utne;switch;32.14133101851852
784;0.00000;ギデオン;switch;32.69759259259259
785;0.00000;Cyan Wisp;switch;31.97068287037037
786;0.00000;LEGOManiac;switch;30.06420138888889
787;0.00000;R.Mop;switch;32.24850694444444
788;0.00000;Javon;switch;34.6977662037037
789;0.00000;Vitchztein;switch;32.04040509259259
790;0.00000;Noble Game;switch;38.76369212962963
791;0.00000;YesYOm;switch;32.867789351851854
792;0.00000;psymensky;switch;31.841863425925926
793;0.00000;Broski;switch;38.72366898148148
794;0.00000;Menchi;switch;35.80079861111111
795;0.00000;Enry596;switch;32.33524305555556
796;0.00000;Derek;switch;32.06547453703703
797;0.00000;Sux;switch;31.853275462962962
798;0.00000;Silversony;switch;31.767916666666668
799;0.00000;Matt;switch;31.972627314814815
800;0.00000;Jacob;switch;31.929479166666667
801;0.00000;Hezevy;xbl;32.363819444444445
802;0.00000;CTR Ross TTV;xbl;31.76673611111111
803;0.00000;Col Sanderz;xbl;31.891967592592593
804;0.00000;DONPAPI28;xbl;31.76707175925926
805;0.00000;xYr owner420x;xbl;31.770995370370372
806;0.00000;Top Chaos Llama;xbl;31.773518518518518
807;0.00000;TNPWORLD;xbl;31.765694444444446
808;0.00000;VoidWhirlwind;xbl;31.766712962962963
809;0.00000;AIdo Pro;xbl;31.766840277777778
810;0.00000;xl Mixcoatl lx;xbl;31.765451388888888
811;0.00000;xZSaScUaShR3;xbl;31.867025462962964
812;0.00000;Beastly Yoshi98;xbl;31.766909722222223
813;0.00000;Boogietories;xbl;31.898310185185185
814;0.00000;Nightsoul115;xbl;31.775729166666668
815;0.00000;Crystallize x;xbl;31.77025462962963
816;0.00000;z MegaDeth x;xbl;31.76875
817;0.00000;Zallaro;xbl;32.0528587962963
818;0.00000;o0DarkKnightOo;xbl;31.768425925925925
819;0.00000;Papu lesbiano;xbl;31.770243055555557
820;0.00000;CatsInvasions;xbl;33.17469907407408
821;0.00000;MADDENTALK247;xbl;31.770520833333332
822;0.00000;VittorioBecchi;xbl;30.80693287037037
823;0.00000;Mr Yule B Sari;xbl;32.51951388888889
824;0.00000;DarkParker125;xbl;32.9321875
825;0.00000;Neocortex FTW;xbl;31.765706018518518
826;0.00000;Yo Itz Shadow;xbl;31.767916666666668
827;0.00000;bfmotta2010;xbl;31.817395833333332
828;0.00000;Kaza Wasa Que;xbl;32.79320601851852
829;0.00000;I P1ERS I;xbl;31.786215277777778
830;0.00000;x Zephryus x;xbl;31.825162037037035
831;0.00000;Dynamo 789;xbl;36.026863425925924
832;0.00000;xR lR a v e Nl;xbl;31.820300925925928
833;0.00000;xKiiru;xbl;31.784884259259258
834;0.00000;AcDg iNeneSwag;xbl;31.78417824074074
835;0.00000;worldatbanana;xbl;31.86917824074074
836;0.00000;ericksherif1994;xbl;31.88076388888889
837;0.00000;fRaAaNk296;xbl;31.76738425925926
838;0.00000;Nocturna Mason;xbl;32.45568287037037
839;0.00000;MoneyDash21;xbl;31.772743055555555
840;0.00000;FFDP0Disturbed;xbl;31.902569444444445
841;0.00000;lPeppa pegg;xbl;32.509363425925926
842;0.00000;cammerzlgw;xbl;31.76877314814815
843;0.00000;PONY5ALVAJ3;xbl;31.766666666666666
844;0.00000;SpiderHack03;xbl;30.08818287037037
845;0.00000;SKYW4LKER SK;xbl;32.46755787037037
846;0.00000;Yukairi;xbl;31.78204861111111
847;0.00000;Stolen Shot;xbl;32.15819444444445
848;0.00000;lion du 93;xbl;31.941180555555555
849;0.00000;GeorgeRupert625;xbl;31.78638888888889
850;0.00000;JauwXZ;xbl;31.980439814814815
851;0.00000;Orvaald93;xbl;31.92457175925926
852;0.00000;TriedGalaxy;xbl;31.823101851851852
853;0.00000;EtiolatedRacer;xbl;30.720127314814814
854;0.00000;Lebensrhum;xbl;31.76755787037037
855;0.00000;ChipsFrom711;xbl;32.749664351851855
856;0.00000;ShinraKamui;xbl;31.930983796296296
857;0.00000;MAXPANK1;xbl;31.994629629629628
858;0.00000;HomelessDann;xbl;31.78912037037037
859;0.00000;Josuke8;xbl;32.20112268518518
860;0.00000;johhan007;xbl;32.67532407407408
861;0.00000;DriftingLights;xbl;32.47847222222222
862;0.00000;Bruminator 72;xbl;31.89591435185185
863;0.00000;ZoVa StingRay;xbl;31.811412037037037
864;0.00000;ShaunTooNice;xbl;33.71439814814815
865;0.00000;DarkFlutterF136;xbl;32.331805555555555
866;0.00000;Joshi;xbl;41.93762731481481
867;0.00000;JoaquinBPK;xbl;31.76818287037037
868;0.00000;BeastMode93xXx;xbl;32.51758101851852
869;0.00000;KevinWanFor;xbl;32.051944444444445
870;0.00000;Ethan The Drake;xbl;31.817395833333332
871;0.00000;Sonnitude;xbl;31.766944444444444
872;0.00000;Teddyyyyyyy;xbl;32.69090277777778
873;0.00000;Fenix760;xbl;31.993518518518517
874;0.00000;Nihility I am;xbl;33.6787962962963
875;0.00000;CrampedThrone7;xbl;32.04337962962963
876;0.00000;lGodNight;xbl;31.791597222222222
877;0.00000;Xerdzio;xbl;33.75046296296296
878;0.00000;BELiN 93;xbl;32.83898148148148
879;0.00000;False x Napster;xbl;33.58891203703703
880;0.00000;NaruFaq;xbl;32.075
881;0.00000;Illegal Algebra;xbl;32.108460648148146
882;0.00000;Jumper3899;xbl;31.789328703703703
883;0.00000;Scorporex1997;xbl;31.87005787037037
884;0.00000;mikaEH64;xbl;31.936875
885;0.00000;WolfDile;xbl;31.765497685185185
886;0.00000;ChRIiisSSXXXx;xbl;32.05268518518518
887;0.00000;bumrushsociety;xbl;31.768391203703704
888;0.00000;Luisamaterasu;xbl;31.76755787037037
889;0.00000;The Floffy;xbl;31.767916666666668
890;0.00000;devil luciano 1;xbl;32.13635416666666
891;0.00000;TlF xfernanx;xbl;31.829733796296296
892;0.00000;N1njaHawk;xbl;32.22775462962963
893;0.00000;Lulz1909;xbl;32.454363425925926
894;0.00000;OtherZod;xbl;32.62570601851852
895;0.00000;MASCINO93;xbl;32.26107638888889
896;0.00000;TH3 JUZZ;xbl;32.15342592592592
897;0.00000;VCH Popochaz;xbl;31.79982638888889
898;0.00000;Shaggy Rogers93;xbl;32.37869212962963
899;0.00000;RemmyPlayer;xbl;33.50881944444444
900;0.00000;RHYTHMSS;xbl;32.614270833333336
901;0.00000;Khalid SS;xbl;31.77431712962963
902;0.00000;Rels cro;xbl;31.97824074074074
903;0.00000;isobar;xbl;31.80295138888889
904;0.00000;jakernauit;xbl;33.74811342592593
905;0.00000;EH Shirohige;xbl;31.76857638888889
906;0.00000;MonetarySiren12;xbl;32.02282407407407
907;0.00000;CrimsonWolf1995;xbl;32.52729166666666
908;0.00000;AndrikMiranda;xbl;32.687407407407406
909;0.00000;CrazyForTracer;xbl;32.76728009259259
910;0.00000;xXRamms03Xx;xbl;32.0728125
911;0.00000;TNTZilchMink;xbl;32.98920138888889
912;0.00000;ChainedxBoombox;xbl;32.545011574074074
913;0.00000;Xtr3m WaNTeD;xbl;32.86337962962963
914;0.00000;Killar117;xbl;31.951631944444443
915;0.00000;Jose Rivera24;xbl;32.194456018518515
916;0.00000;Mogs323;xbl;33.23518518518519
917;0.00000;YunoTTV;xbl;48.8116087962963
918;0.00000;Killer200246;xbl;32.06427083333333
919;0.00000;LGND Charlie;xbl;31.768564814814816
920;0.00000;meganmatoski55;xbl;31.940856481481482
921;0.00000;ManilaEvening7;xbl;32.2821875
922;0.00000;ZkeIet0n;xbl;30.58127314814815
923;0.00000;ToughLuck699;xbl;35.06336805555556
924;0.00000;BalmierGrub;xbl;32.11521990740741
925;0.00000;antroz93;xbl;32.61287037037037
926;0.00000;Scrunglorini;xbl;31.898912037037036
927;0.00000;smokingbastings;xbl;32.332569444444445
928;0.00000;ClannishDeer86;xbl;32.73928240740741
929;0.00000;SpeedyDave713;xbl;32.150810185185186
930;0.00000;PatoRizo;xbl;34.162650462962965
931;0.00000;SKULL DOMINIK;xbl;31.809710648148148
932;0.00000;shadowflames26;xbl;31.796516203703703
933;0.00000;Pezz;xbl;32.236863425925925
934;0.00000;VIPERinquisidor;xbl;31.767094907407408
935;0.00000;ShadoxXx0078;xbl;31.847986111111112
936;0.00000;eGo SkilL77;xbl;31.91306712962963
937;0.00000;Zeraxr;xbl;42.621631944444445
938;0.00000;iDuane 95;xbl;31.973530092592593
939;0.00000;TonalCanoe78627;xbl;32.020578703703706
940;0.00000;Syviper;xbl;32.65954861111111
941;0.00000;Nemuf;xbl;32.62226851851852
942;0.00000;ALPHA SILVERv;xbl;31.775590277777777
943;0.00000;TReYeX7000;xbl;31.906979166666666
944;0.00000;TTVFantomEnt;xbl;31.964618055555555
945;0.00000;DS ShockTrooper;xbl;32.625659722222224
946;0.00000;Raymon730;xbl;32.639722222222225
947;0.00000;Coyle kids;xbl;31.85738425925926
948;0.00000;WoodsCarton3952;xbl;31.78273148148148
949;0.00000;BuTheCreator;xbl;31.78966435185185
950;0.00000;Ren Maturana;xbl;31.8034375
951;0.00000;alexgarnoff;xbl;32.39503472222222
952;0.00000;ItsTheBishop623;xbl;28.653703703703705
953;0.00000;xDRIVERofDOOMx;xbl;31.768935185185185
954;0.00000;DANYANCATSQMARZ;xbl;37.970046296296296
955;0.00000;M0BY46;xbl;32.63199074074074
956;0.00000;RMadnesz;xbl;32.702280092592595
957;0.00000;CarlinhoVzla;xbl;31.844479166666666
958;0.00000;Pollito2108;xbl;32.500162037037036
959;0.00000;RobbieLeeRay;xbl;31.81429398148148
960;0.00000;J MASTER XP;xbl;27.807569444444443
961;0.00000;BreezyCyndoz;xbl;32.65351851851852
962;0.00000;dabz1234;xbl;31.961666666666666
963;0.00000;Silly Willy HD;xbl;32.58761574074074
964;0.00000;VividestJErAd;xbl;31.925196759259258
965;0.00000;SonicNinjedi;xbl;32.61201388888889
966;0.00000;D4rKLePigeon;xbl;37.99800925925926
967;0.00000;LUNARGAM3R;xbl;32.173298611111115
968;0.00000;steelworm;xbl;31.953263888888888
969;0.00000;TeedTheTool;xbl;31.809270833333333
970;0.00000;AmsomeasBrendan;xbl;31.770335648148148
971;0.00000;AidanP2002;xbl;31.86287037037037
972;0.00000;MaximumRageQuit;xbl;32.57476851851852
973;0.00000;FireandBlood720;xbl;31.77690972222222
974;0.00000;Shad0ws Ik;xbl;32.00780092592593
975;0.00000;Rsaaam;xbl;31.88104166666667
976;0.00000;TheRodDog95;xbl;32.28869212962963
977;0.00000;Nudge 4511;xbl;31.92738425925926
978;0.00000;AnarchysKing988;xbl;32.10918981481481
979;0.00000;Samwell22;xbl;36.0466087962963
980;0.00000;M19 olo;xbl;31.866435185185185
981;0.00000;Il Kambo lI;xbl;34.84928240740741
982;0.00000;KairyCrusher;xbl;31.928483796296295
983;0.00000;stevieCFC;xbl;33.1340162037037
984;0.00000;gustavo 7659;xbl;31.847604166666667
985;0.00000;NEILVILLE;xbl;32.38505787037037
986;0.00000;SaltyColt972871;xbl;31.963379629629628
987;0.00000;NoDontKillMePlz;xbl;41.27975694444444
988;0.00000;svrti;xbl;32.59631944444445
989;0.00000;Hardaker97;xbl;35.48074074074074
990;0.00000;CJ ARZATE;xbl;34.07956018518519
991;0.00000;Opi Opi no Mi;xbl;31.981967592592593
992;0.00000;Dariuz;xbl;33.394305555555555
993;0.00000;TheIronGiant750;xbl;31.767430555555556
994;0.00000;DRUNKINCAVEMAN;xbl;32.62328703703704
995;0.00000;Aquatus;xbl;31.862060185185186
996;0.00000;AsL Wanheda;xbl;32.616527777777776
997;0.00000;GioOx UwU;xbl;31.829699074074075
998;0.00000;oTimmyFoxo;xbl;32.15673611111111
999;0.00000;Rolan kenway;xbl;32.11038194444444
1000;0.00000;Ix Neo Wolf xI;xbl;31.97849537037037
1001;0.00000;EMC Bender;xbl;32.326261574074074
1002;0.00000;RX Rayleigh;xbl;31.990347222222223
1003;0.00000;Chaldy;xbl;32.609907407407405
1004;0.00000;makiaDark;xbl;31.86173611111111
1005;0.00000;Dnirooo;xbl;31.834328703703704
1006;0.00000;Afonso117;xbl;32.34487268518519
1007;0.00000;LmXc Gingerz;xbl;39.161006944444445
1008;0.00000;Iguim17;xbl;31.87693287037037
1009;0.00000;cesar uchiiha;xbl;32.03016203703704
1010;0.00000;TripAvenue;xbl;32.12429398148148
1011;0.00000;ANTONIO Dylano;xbl;32.69337962962963
1012;0.00000;IzK;xbl;44.0074537037037
1013;0.00000;Gracon117;xbl;39.397013888888885
1014;0.00000;DARKLONEWOLFDVA;xbl;10.609050925925926
1015;0.00000;R9S Indominus;xbl;31.767233796296296
1016;0.00000;KingGargantuas;xbl;32.12186342592592
1017;0.00000;DoN Revert;xbl;31.765613425925928
1018;0.00000;FMx Kasger;xbl;31.959930555555555
1019;0.00000;PhyscoZ3R0;xbl;32.74521990740741
1020;0.00000;WhiteWolfLord33;xbl;32.036377314814814
1021;0.00000;BoxingHalo36914;xbl;31.780324074074073
1022;0.00000;Penguin Yay 2;xbl;31.86491898148148
1023;0.00000;LowlyAce59;xbl;32.46107638888889
1024;0.00000;Sn4ke0525;xbl;31.76796296296296
1025;0.00000;Teapot Genius;xbl;31.836840277777778
1026;0.00000;LissemoreHD;xbl;31.77037037037037
1027;0.00000;traynsingerking;xbl;32.56775462962963
1028;0.00000;ismael9393;xbl;32.02039351851852
1029;0.00000;GoDDyYuyaK;xbl;32.56614583333333
1030;0.00000;LN Assassin l;xbl;32.528020833333336
1031;0.00000;XxDo4l1ToXiCkxX;xbl;33.50663194444444
1032;0.00000;Joker117CLH;xbl;31.858935185185185
1033;0.00000;BeIamy;xbl;32.258101851851855
1034;0.00000;SOY HACIENDA;xbl;31.82261574074074
1035;0.00000;YearlongKey663;xbl;31.766342592592594
1036;0.00000;fnafdude8;xbl;32.034108796296294
1037;0.00000;Greg HFr;xbl;31.89726851851852
1038;0.00000;PilarSaturn9257;xbl;32.128738425925924
1039;0.00000;ArgentStatue882;xbl;31.76900462962963
1040;0.00000;JackGravitty720;xbl;32.48702546296296
1041;0.00000;cbra70;xbl;35.86666666666667
1042;0.00000;EMANNtheLegend;xbl;31.92445601851852
1043;0.00000;Aliscity;xbl;37.76461805555556
1044;0.00000;Luas cunaos;xbl;31.776516203703704
1045;0.00000;DAXL0739;xbl;32.619166666666665
1046;0.00000;aAceh;xbl;45.703599537037036
1047;0.00000;Superpise89;xbl;32.12550925925926
1048;0.00000;sanji0302;xbl;31.790671296296296
1049;0.00000;Ripins;xbl;32.065104166666664
1050;0.00000;Almanzaal040101;xbl;31.778773148148147
1051;0.00000;BruceWayneXQc;xbl;18.251458333333332
1052;0.00000;xXkenny123Xx;xbl;32.61429398148148
1053;0.00000;NIC De la cruz;xbl;35.52247685185185
1054;0.00000;Fainal117;xbl;32.05375
1055;0.00000;DEMIANGT10;xbl;31.937418981481482
1056;0.00000;babosO Mx;xbl;33.75760416666667
1057;0.00000;Boss Dakor;xbl;33.00283564814815
1058;0.00000;KND MLeyend;xbl;33.60579861111111
1059;0.00000;Im Chrispro1;xbl;32.53353009259259
1060;0.00000;Xl iAndrik lX;xbl;31.873402777777777
1061;0.00000;Sh4dowFoxx96;xbl;38.69162037037037
1062;0.00000;Barsar Fenix;xbl;4.0188194444444445
1063;0.00000;Go Giraffe NECK;xbl;31.854641203703704
1064;0.00000;Criss115XD;xbl;32.59908564814815
1065;0.00000;taco3001;xbl;32.053148148148146
1066;0.00000;smm2010;xbl;31.811539351851852
1067;0.00000;MurderrINK;xbl;33.6740162037037
1068;0.00000;E1z Nany;xbl;31.84841435185185
1069;0.00000;llStarll Dragon;xbl;33.8471875
1070;0.00000;KIBOSH69;xbl;32.51320601851852
1071;0.00000;CairneBluthoff;xbl;31.769050925925924
1072;0.00000;Ainz D Nazarick;xbl;32.43704861111111
1073;0.00000;SUPERIOR RIOT;xbl;31.925833333333333
1074;0.00000;CoCaFree;xbl;34.83380787037037
1075;0.00000;rredcay;xbl;32.48393518518518
1076;0.00000;Baaltzelmoth;xbl;33.07357638888889
1077;0.00000;xIAkuma;xbl;32.31017361111111
1078;0.00000;Tengu 187;xbl;45.17010416666667
1079;0.00000;i RiicK KinG x;xbl;31.766365740740742
1080;0.00000;SixPathsAtaraxy;xbl;31.84212962962963
1081;0.00000;SplendidFaun940;xbl;32.124212962962964
1082;0.00000;RedSoulless21;xbl;31.76965277777778
1083;0.00000;BlackMage2209;xbl;32.45163194444444
1084;0.00000;Grubza;xbl;31.994699074074074
1085;0.00000;DerekTheRubbish;xbl;32.37903935185185
1086;0.00000;zKachorro;xbl;31.89954861111111
1087;0.00000;Tdyb;xbl;31.838958333333334
1088;0.00000;Petrolhead1994;xbl;31.82814814814815
1089;0.00000;FledAdoreTree;xbl;32.781030092592594
1090;0.00000;JOSIMAR MQ;xbl;31.770393518518517
1091;0.00000;PaulVCx;xbl;31.93517361111111
1092;0.00000;SUTER167;xbl;31.89388888888889
1093;0.00000;A Big Scary Bee;xbl;32.4318287037037
1094;0.00000;alphafloodpng;xbl;31.862141203703704
1095;0.00000;ll ASPER ll;xbl;36.34851851851852
1096;0.00000;E1z CoSMoS;xbl;31.848425925925927
1097;0.00000;ERickDJM;xbl;31.767002314814814
1098;0.00000;Climatic Ninjaw;xbl;31.990671296296295
1099;0.00000;IR0DH0 K9;xbl;15.418101851851851
1100;0.00000;superboomerang;xbl;32.55878472222222
1101;0.00000;NATSU 233;xbl;32.62511574074074
1102;0.00000;New Wave TN;xbl;32.62715277777778
1103;0.00000;Special Greg 23;xbl;32.50357638888889
1104;0.00000;LibraNation292;xbl;32.70267361111111
1105;0.00000;Armagedon Wolf;xbl;32.69396990740741
1106;0.00000;m1k1 black 4;xbl;32.59262731481481
1107;0.00000;IRONxxWORM;xbl;31.95375
1108;0.00000;A1 GiBabyy;xbl;32.13539351851852
1109;0.00000;SpankDatLlama;xbl;32.40400462962963
1110;0.00000;Wooz44;xbl;33.66569444444445
1111;0.00000;HonestMovie639;xbl;31.79859953703704
1112;0.00000;i1 i1 ksa;xbl;38.257719907407406
1113;0.00000;Hugh Mungus W0t;xbl;32.551261574074076
1114;0.00000;RiotStarter1174;xbl;33.536516203703705
1115;0.00000;MeS Shadow;xbl;31.768449074074073
1116;0.00000;Katezu;xbl;32.31783564814815
1117;0.00000;sayenjin06;xbl;31.908912037037037
1118;0.00000;Stewartz2;xbl;31.972002314814816
1119;0.00000;xSP3CN4Sx;xbl;32.3543287037037
1120;0.00000;Jackjp100;xbl;32.69469907407407
1121;0.00000;TheCh0w0senOne;xbl;32.56975694444444
1122;0.00000;TwoFurball6109;xbl;32.261064814814816
1123;0.00000;turbo killin;xbl;32.233275462962965
1124;0.00000;KiraHadokku;xbl;31.770416666666666
1125;0.00000;RestrictedAxess;xbl;36.811261574074074
1126;0.00000;x Rachel B x;xbl;31.77829861111111
1127;0.00000;MadDogLawless;xbl;42.240578703703704
1128;0.00000;RoyalOwl04;xbl;32.48483796296296
1129;0.00000;JorgeRoow96;xbl;31.829432870370372
1130;0.00000;Sitzmoebel GER;xbl;24.43552083333333
1131;0.00000;MR Haviland;xbl;36.233206018518516
1132;0.00000;DethMatt AB;xbl;33.803773148148146
1133;0.00000;TuMarido0271291;xbl;33.702719907407406
1134;0.00000;yahykouchiha;xbl;32.578599537037036
1135;0.00000;ThePigz;xbl;31.924363425925925
1136;0.00000;Lal0nganiza;xbl;31.770358796296296
1137;0.00000;II Avrell II;xbl;31.8484375
1138;0.00000;l Lucifer xd;xbl;32.51378472222222
1139;0.00000;DanteToThe;xbl;29.70207175925926
1140;0.00000;Dimicki;xbl;32.595219907407404
1141;0.00000;WaterPainter3;xbl;32.10162037037037
1142;0.00000;Lalito1131;xbl;31.834976851851852
1143;0.00000;TheLunaticBrit;xbl;32.328275462962964
1144;0.00000;MR LYTNING PONY;xbl;32.446226851851854
1145;0.00000;DUDE 7MC;xbl;32.3515162037037
1146;0.00000;JKfoshizzle;xbl;31.80611111111111
1147;0.00000;B1GGG DEEE;xbl;32.18126157407407
1148;0.00000;RubenHM21;xbl;34.579849537037035
1149;0.00000;Shadowilson99;xbl;30.85585648148148
1150;0.00000;TheMAXterGOD9;xbl;31.885578703703704
1151;0.00000;Mr Pengi;xbl;32.61253472222222
1152;0.00000;InSaNiiTySlaYeR;xbl;31.99534722222222
1153;0.00000;DARK Drag0n 003;xbl;32.29497685185185
1154;0.00000;UriSpartan012;xbl;40.519756944444445
1155;0.00000;Pentacrash;xbl;31.860034722222224
1156;0.00000;The101Within;xbl;31.89699074074074
1157;0.00000;Remiix J;xbl;31.964699074074073
1158;0.00000;Stewaaaart x;xbl;31.812094907407406
1159;0.00000;xECOWx MoNsTeR;xbl;32.95644675925926
1160;0.00000;Ez Yack;xbl;31.767685185185186
1161;0.00000;LuxUmbra Ocelot;xbl;27.761944444444445
1162;0.00000;Elpochomax91;xbl;32.04203703703703
1163;0.00000;TWITLIP 96;xbl;46.82699074074074
1164;0.00000;Jobber 23;xbl;32.14087962962963
1165;0.00000;JHyphie;xbl;32.22517361111111
1166;0.00000;hug00129;xbl;32.06130787037037
1167;0.00000;speakerak;xbl;44.055416666666666
1168;0.00000;The King0fReach;xbl;31.99252314814815
1169;0.00000;RUBYBanditcoot;xbl;31.798958333333335
1170;0.00000;lugiaxtin432;xbl;33.067314814814814
1171;0.00000;Drewsith;xbl;32.049108796296295
1172;0.00000;KalvinThyKing;xbl;32.803333333333335
1173;0.00000;Rod T;xbl;32.11178240740741
1174;0.00000;IcyGDestiny;xbl;31.96925925925926
1175;0.00000;TBP MetaGroZ;xbl;32.74936342592593
1176;0.00000;Gnar1243;xbl;31.830324074074074
1177;0.00000;Crashfernandes;xbl;37.86436342592592
1178;0.00000;Tommy Fischer;xbl;31.78287037037037
1179;0.00000;BR0Z;xbl;32.18472222222222
1180;0.00000;Xavech Vell;xbl;31.928171296296295
1181;0.00000;ANIXEL;xbl;31.769872685185184
1182;0.00000;GodSuperSaiyan;xbl;32.37851851851852
1183;0.00000;ganekelioque;xbl;32.11335648148148
1184;0.00000;ThatPowerGuy;xbl;31.804988425925927
1185;0.00000;Krypton Stu;xbl;32.040486111111115
1186;0.00000;BudgetJester779;xbl;31.981875
1187;0.00000;FrAnKy WeSt17;xbl;31.88962962962963
1188;0.00000;Safert;xbl;31.914490740740742
1189;0.00000;LegendaryDabma;xbl;35.02311342592593
1190;0.00000;Benjatrox;xbl;32.64983796296296
1191;0.00000;URIELGS96;xbl;32.76321759259259
1192;0.00000;MadKatielicious;xbl;31.846469907407407
1193;0.00000;Legacy Goated;xbl;39.8675
1194;0.00000;RaccoonHamatata;xbl;32.48599537037037
1195;0.00000;Black Hard94782;xbl;32.65324074074074
1196;0.00000;Marco 4991;xbl;31.934085648148148
1197;0.00000;Timelord Sc0tt;xbl;30.13689814814815
1198;0.00000;wr194t;xbl;31.93050925925926
1199;0.00000;Lorenzo9893;xbl;33.18774305555556
1200;0.00000;N7 UNIT 25;xbl;31.77130787037037
